s.NO,file_path,Image URL,species_group,image_name
1,American Goldfinch/001.jpg,https://birdbucket23.s3.amazonaws.com/American Goldfinch/001.jpg,American Goldfinch,001.jpg
2,American Goldfinch/002.jpg,https://birdbucket23.s3.amazonaws.com/American Goldfinch/002.jpg,American Goldfinch,002.jpg
3,American Goldfinch/003.jpg,https://birdbucket23.s3.amazonaws.com/American Goldfinch/003.jpg,American Goldfinch,003.jpg
4,American Goldfinch/004.jpg,https://birdbucket23.s3.amazonaws.com/American Goldfinch/004.jpg,American Goldfinch,004.jpg
5,American Goldfinch/005.jpg,https://birdbucket23.s3.amazonaws.com/American Goldfinch/005.jpg,American Goldfinch,005.jpg
6,American Goldfinch/006.jpg,https://birdbucket23.s3.amazonaws.com/American Goldfinch/006.jpg,American Goldfinch,006.jpg
7,American Goldfinch/007.jpg,https://birdbucket23.s3.amazonaws.com/American Goldfinch/007.jpg,American Goldfinch,007.jpg
8,American Goldfinch/008.jpg,https://birdbucket23.s3.amazonaws.com/American Goldfinch/008.jpg,American Goldfinch,008.jpg
9,American Goldfinch/009.jpg,https://birdbucket23.s3.amazonaws.com/American Goldfinch/009.jpg,American Goldfinch,009.jpg
10,American Goldfinch/010.jpg,https://birdbucket23.s3.amazonaws.com/American Goldfinch/010.jpg,American Goldfinch,010.jpg
11,American Goldfinch/011.jpg,https://birdbucket23.s3.amazonaws.com/American Goldfinch/011.jpg,American Goldfinch,011.jpg
12,American Goldfinch/012.jpg,https://birdbucket23.s3.amazonaws.com/American Goldfinch/012.jpg,American Goldfinch,012.jpg
13,American Goldfinch/013.jpg,https://birdbucket23.s3.amazonaws.com/American Goldfinch/013.jpg,American Goldfinch,013.jpg
14,American Goldfinch/014.jpg,https://birdbucket23.s3.amazonaws.com/American Goldfinch/014.jpg,American Goldfinch,014.jpg
15,American Goldfinch/015.jpg,https://birdbucket23.s3.amazonaws.com/American Goldfinch/015.jpg,American Goldfinch,015.jpg
16,American Goldfinch/016.jpg,https://birdbucket23.s3.amazonaws.com/American Goldfinch/016.jpg,American Goldfinch,016.jpg
17,American Goldfinch/017.jpg,https://birdbucket23.s3.amazonaws.com/American Goldfinch/017.jpg,American Goldfinch,017.jpg
18,American Goldfinch/018.jpg,https://birdbucket23.s3.amazonaws.com/American Goldfinch/018.jpg,American Goldfinch,018.jpg
19,American Goldfinch/019.jpg,https://birdbucket23.s3.amazonaws.com/American Goldfinch/019.jpg,American Goldfinch,019.jpg
20,American Goldfinch/020.jpg,https://birdbucket23.s3.amazonaws.com/American Goldfinch/020.jpg,American Goldfinch,020.jpg
21,American Goldfinch/021.jpg,https://birdbucket23.s3.amazonaws.com/American Goldfinch/021.jpg,American Goldfinch,021.jpg
22,American Goldfinch/022.jpg,https://birdbucket23.s3.amazonaws.com/American Goldfinch/022.jpg,American Goldfinch,022.jpg
23,American Goldfinch/023.jpg,https://birdbucket23.s3.amazonaws.com/American Goldfinch/023.jpg,American Goldfinch,023.jpg
24,American Goldfinch/024.jpg,https://birdbucket23.s3.amazonaws.com/American Goldfinch/024.jpg,American Goldfinch,024.jpg
25,American Goldfinch/025.jpg,https://birdbucket23.s3.amazonaws.com/American Goldfinch/025.jpg,American Goldfinch,025.jpg
26,American Goldfinch/026.jpg,https://birdbucket23.s3.amazonaws.com/American Goldfinch/026.jpg,American Goldfinch,026.jpg
27,American Goldfinch/027.jpg,https://birdbucket23.s3.amazonaws.com/American Goldfinch/027.jpg,American Goldfinch,027.jpg
28,American Goldfinch/028.jpg,https://birdbucket23.s3.amazonaws.com/American Goldfinch/028.jpg,American Goldfinch,028.jpg
29,American Goldfinch/029.jpg,https://birdbucket23.s3.amazonaws.com/American Goldfinch/029.jpg,American Goldfinch,029.jpg
30,American Goldfinch/030.jpg,https://birdbucket23.s3.amazonaws.com/American Goldfinch/030.jpg,American Goldfinch,030.jpg
31,American Goldfinch/031.jpg,https://birdbucket23.s3.amazonaws.com/American Goldfinch/031.jpg,American Goldfinch,031.jpg
32,American Goldfinch/032.jpg,https://birdbucket23.s3.amazonaws.com/American Goldfinch/032.jpg,American Goldfinch,032.jpg
33,American Goldfinch/033.jpg,https://birdbucket23.s3.amazonaws.com/American Goldfinch/033.jpg,American Goldfinch,033.jpg
34,American Goldfinch/034.jpg,https://birdbucket23.s3.amazonaws.com/American Goldfinch/034.jpg,American Goldfinch,034.jpg
35,American Goldfinch/035.jpg,https://birdbucket23.s3.amazonaws.com/American Goldfinch/035.jpg,American Goldfinch,035.jpg
36,American Goldfinch/036.jpg,https://birdbucket23.s3.amazonaws.com/American Goldfinch/036.jpg,American Goldfinch,036.jpg
37,American Goldfinch/037.jpg,https://birdbucket23.s3.amazonaws.com/American Goldfinch/037.jpg,American Goldfinch,037.jpg
38,American Goldfinch/038.jpg,https://birdbucket23.s3.amazonaws.com/American Goldfinch/038.jpg,American Goldfinch,038.jpg
39,American Goldfinch/039.jpg,https://birdbucket23.s3.amazonaws.com/American Goldfinch/039.jpg,American Goldfinch,039.jpg
40,American Goldfinch/040.jpg,https://birdbucket23.s3.amazonaws.com/American Goldfinch/040.jpg,American Goldfinch,040.jpg
41,American Goldfinch/041.jpg,https://birdbucket23.s3.amazonaws.com/American Goldfinch/041.jpg,American Goldfinch,041.jpg
42,American Goldfinch/042.jpg,https://birdbucket23.s3.amazonaws.com/American Goldfinch/042.jpg,American Goldfinch,042.jpg
43,American Goldfinch/043.jpg,https://birdbucket23.s3.amazonaws.com/American Goldfinch/043.jpg,American Goldfinch,043.jpg
44,American Goldfinch/044.jpg,https://birdbucket23.s3.amazonaws.com/American Goldfinch/044.jpg,American Goldfinch,044.jpg
45,American Goldfinch/045.jpg,https://birdbucket23.s3.amazonaws.com/American Goldfinch/045.jpg,American Goldfinch,045.jpg
46,American Goldfinch/046.jpg,https://birdbucket23.s3.amazonaws.com/American Goldfinch/046.jpg,American Goldfinch,046.jpg
47,American Goldfinch/047.jpg,https://birdbucket23.s3.amazonaws.com/American Goldfinch/047.jpg,American Goldfinch,047.jpg
48,American Goldfinch/048.jpg,https://birdbucket23.s3.amazonaws.com/American Goldfinch/048.jpg,American Goldfinch,048.jpg
49,American Goldfinch/049.jpg,https://birdbucket23.s3.amazonaws.com/American Goldfinch/049.jpg,American Goldfinch,049.jpg
50,American Goldfinch/050.jpg,https://birdbucket23.s3.amazonaws.com/American Goldfinch/050.jpg,American Goldfinch,050.jpg
51,American Goldfinch/051.jpg,https://birdbucket23.s3.amazonaws.com/American Goldfinch/051.jpg,American Goldfinch,051.jpg
52,American Goldfinch/052.jpg,https://birdbucket23.s3.amazonaws.com/American Goldfinch/052.jpg,American Goldfinch,052.jpg
53,American Goldfinch/053.jpg,https://birdbucket23.s3.amazonaws.com/American Goldfinch/053.jpg,American Goldfinch,053.jpg
54,American Goldfinch/054.jpg,https://birdbucket23.s3.amazonaws.com/American Goldfinch/054.jpg,American Goldfinch,054.jpg
55,American Goldfinch/055.jpg,https://birdbucket23.s3.amazonaws.com/American Goldfinch/055.jpg,American Goldfinch,055.jpg
56,American Goldfinch/056.jpg,https://birdbucket23.s3.amazonaws.com/American Goldfinch/056.jpg,American Goldfinch,056.jpg
57,American Goldfinch/057.jpg,https://birdbucket23.s3.amazonaws.com/American Goldfinch/057.jpg,American Goldfinch,057.jpg
58,American Goldfinch/058.jpg,https://birdbucket23.s3.amazonaws.com/American Goldfinch/058.jpg,American Goldfinch,058.jpg
59,American Goldfinch/059.jpg,https://birdbucket23.s3.amazonaws.com/American Goldfinch/059.jpg,American Goldfinch,059.jpg
60,American Goldfinch/060.jpg,https://birdbucket23.s3.amazonaws.com/American Goldfinch/060.jpg,American Goldfinch,060.jpg
61,American Goldfinch/061.jpg,https://birdbucket23.s3.amazonaws.com/American Goldfinch/061.jpg,American Goldfinch,061.jpg
62,American Goldfinch/062.jpg,https://birdbucket23.s3.amazonaws.com/American Goldfinch/062.jpg,American Goldfinch,062.jpg
63,American Goldfinch/063.jpg,https://birdbucket23.s3.amazonaws.com/American Goldfinch/063.jpg,American Goldfinch,063.jpg
64,American Goldfinch/064.jpg,https://birdbucket23.s3.amazonaws.com/American Goldfinch/064.jpg,American Goldfinch,064.jpg
65,American Goldfinch/065.jpg,https://birdbucket23.s3.amazonaws.com/American Goldfinch/065.jpg,American Goldfinch,065.jpg
66,American Goldfinch/066.jpg,https://birdbucket23.s3.amazonaws.com/American Goldfinch/066.jpg,American Goldfinch,066.jpg
67,American Goldfinch/067.jpg,https://birdbucket23.s3.amazonaws.com/American Goldfinch/067.jpg,American Goldfinch,067.jpg
68,American Goldfinch/068.jpg,https://birdbucket23.s3.amazonaws.com/American Goldfinch/068.jpg,American Goldfinch,068.jpg
69,American Goldfinch/069.jpg,https://birdbucket23.s3.amazonaws.com/American Goldfinch/069.jpg,American Goldfinch,069.jpg
70,American Goldfinch/070.jpg,https://birdbucket23.s3.amazonaws.com/American Goldfinch/070.jpg,American Goldfinch,070.jpg
71,American Goldfinch/071.jpg,https://birdbucket23.s3.amazonaws.com/American Goldfinch/071.jpg,American Goldfinch,071.jpg
72,American Goldfinch/072.jpg,https://birdbucket23.s3.amazonaws.com/American Goldfinch/072.jpg,American Goldfinch,072.jpg
73,American Goldfinch/073.jpg,https://birdbucket23.s3.amazonaws.com/American Goldfinch/073.jpg,American Goldfinch,073.jpg
74,American Goldfinch/074.jpg,https://birdbucket23.s3.amazonaws.com/American Goldfinch/074.jpg,American Goldfinch,074.jpg
75,American Goldfinch/075.jpg,https://birdbucket23.s3.amazonaws.com/American Goldfinch/075.jpg,American Goldfinch,075.jpg
76,American Goldfinch/076.jpg,https://birdbucket23.s3.amazonaws.com/American Goldfinch/076.jpg,American Goldfinch,076.jpg
77,American Goldfinch/077.jpg,https://birdbucket23.s3.amazonaws.com/American Goldfinch/077.jpg,American Goldfinch,077.jpg
78,American Goldfinch/078.jpg,https://birdbucket23.s3.amazonaws.com/American Goldfinch/078.jpg,American Goldfinch,078.jpg
79,American Goldfinch/079.jpg,https://birdbucket23.s3.amazonaws.com/American Goldfinch/079.jpg,American Goldfinch,079.jpg
80,American Goldfinch/080.jpg,https://birdbucket23.s3.amazonaws.com/American Goldfinch/080.jpg,American Goldfinch,080.jpg
81,American Goldfinch/081.jpg,https://birdbucket23.s3.amazonaws.com/American Goldfinch/081.jpg,American Goldfinch,081.jpg
82,American Goldfinch/082.jpg,https://birdbucket23.s3.amazonaws.com/American Goldfinch/082.jpg,American Goldfinch,082.jpg
83,American Goldfinch/083.jpg,https://birdbucket23.s3.amazonaws.com/American Goldfinch/083.jpg,American Goldfinch,083.jpg
84,American Goldfinch/084.jpg,https://birdbucket23.s3.amazonaws.com/American Goldfinch/084.jpg,American Goldfinch,084.jpg
85,American Goldfinch/085.jpg,https://birdbucket23.s3.amazonaws.com/American Goldfinch/085.jpg,American Goldfinch,085.jpg
86,American Goldfinch/086.jpg,https://birdbucket23.s3.amazonaws.com/American Goldfinch/086.jpg,American Goldfinch,086.jpg
87,American Goldfinch/087.jpg,https://birdbucket23.s3.amazonaws.com/American Goldfinch/087.jpg,American Goldfinch,087.jpg
88,American Goldfinch/088.jpg,https://birdbucket23.s3.amazonaws.com/American Goldfinch/088.jpg,American Goldfinch,088.jpg
89,American Goldfinch/089.jpg,https://birdbucket23.s3.amazonaws.com/American Goldfinch/089.jpg,American Goldfinch,089.jpg
90,American Goldfinch/090.jpg,https://birdbucket23.s3.amazonaws.com/American Goldfinch/090.jpg,American Goldfinch,090.jpg
91,American Goldfinch/091.jpg,https://birdbucket23.s3.amazonaws.com/American Goldfinch/091.jpg,American Goldfinch,091.jpg
92,American Goldfinch/092.jpg,https://birdbucket23.s3.amazonaws.com/American Goldfinch/092.jpg,American Goldfinch,092.jpg
93,American Goldfinch/093.jpg,https://birdbucket23.s3.amazonaws.com/American Goldfinch/093.jpg,American Goldfinch,093.jpg
94,American Goldfinch/094.jpg,https://birdbucket23.s3.amazonaws.com/American Goldfinch/094.jpg,American Goldfinch,094.jpg
95,American Goldfinch/095.jpg,https://birdbucket23.s3.amazonaws.com/American Goldfinch/095.jpg,American Goldfinch,095.jpg
96,American Goldfinch/096.jpg,https://birdbucket23.s3.amazonaws.com/American Goldfinch/096.jpg,American Goldfinch,096.jpg
97,American Goldfinch/097.jpg,https://birdbucket23.s3.amazonaws.com/American Goldfinch/097.jpg,American Goldfinch,097.jpg
98,American Goldfinch/098.jpg,https://birdbucket23.s3.amazonaws.com/American Goldfinch/098.jpg,American Goldfinch,098.jpg
99,American Goldfinch/099.jpg,https://birdbucket23.s3.amazonaws.com/American Goldfinch/099.jpg,American Goldfinch,099.jpg
100,American Goldfinch/100.jpg,https://birdbucket23.s3.amazonaws.com/American Goldfinch/100.jpg,American Goldfinch,100.jpg
101,American Goldfinch/101.jpg,https://birdbucket23.s3.amazonaws.com/American Goldfinch/101.jpg,American Goldfinch,101.jpg
102,American Goldfinch/102.jpg,https://birdbucket23.s3.amazonaws.com/American Goldfinch/102.jpg,American Goldfinch,102.jpg
103,American Goldfinch/103.jpg,https://birdbucket23.s3.amazonaws.com/American Goldfinch/103.jpg,American Goldfinch,103.jpg
104,American Goldfinch/104.jpg,https://birdbucket23.s3.amazonaws.com/American Goldfinch/104.jpg,American Goldfinch,104.jpg
105,American Goldfinch/105.jpg,https://birdbucket23.s3.amazonaws.com/American Goldfinch/105.jpg,American Goldfinch,105.jpg
106,American Goldfinch/106.jpg,https://birdbucket23.s3.amazonaws.com/American Goldfinch/106.jpg,American Goldfinch,106.jpg
107,American Goldfinch/107.jpg,https://birdbucket23.s3.amazonaws.com/American Goldfinch/107.jpg,American Goldfinch,107.jpg
108,American Goldfinch/108.jpg,https://birdbucket23.s3.amazonaws.com/American Goldfinch/108.jpg,American Goldfinch,108.jpg
109,American Goldfinch/109.jpg,https://birdbucket23.s3.amazonaws.com/American Goldfinch/109.jpg,American Goldfinch,109.jpg
110,American Goldfinch/110.jpg,https://birdbucket23.s3.amazonaws.com/American Goldfinch/110.jpg,American Goldfinch,110.jpg
111,American Goldfinch/111.jpg,https://birdbucket23.s3.amazonaws.com/American Goldfinch/111.jpg,American Goldfinch,111.jpg
112,American Goldfinch/112.jpg,https://birdbucket23.s3.amazonaws.com/American Goldfinch/112.jpg,American Goldfinch,112.jpg
113,American Goldfinch/113.jpg,https://birdbucket23.s3.amazonaws.com/American Goldfinch/113.jpg,American Goldfinch,113.jpg
114,American Goldfinch/114.jpg,https://birdbucket23.s3.amazonaws.com/American Goldfinch/114.jpg,American Goldfinch,114.jpg
115,American Goldfinch/115.jpg,https://birdbucket23.s3.amazonaws.com/American Goldfinch/115.jpg,American Goldfinch,115.jpg
116,American Goldfinch/116.jpg,https://birdbucket23.s3.amazonaws.com/American Goldfinch/116.jpg,American Goldfinch,116.jpg
117,American Goldfinch/117.jpg,https://birdbucket23.s3.amazonaws.com/American Goldfinch/117.jpg,American Goldfinch,117.jpg
118,American Goldfinch/118.jpg,https://birdbucket23.s3.amazonaws.com/American Goldfinch/118.jpg,American Goldfinch,118.jpg
119,American Goldfinch/119.jpg,https://birdbucket23.s3.amazonaws.com/American Goldfinch/119.jpg,American Goldfinch,119.jpg
120,American Goldfinch/120.jpg,https://birdbucket23.s3.amazonaws.com/American Goldfinch/120.jpg,American Goldfinch,120.jpg
121,American Goldfinch/121.jpg,https://birdbucket23.s3.amazonaws.com/American Goldfinch/121.jpg,American Goldfinch,121.jpg
122,American Goldfinch/122.jpg,https://birdbucket23.s3.amazonaws.com/American Goldfinch/122.jpg,American Goldfinch,122.jpg
123,American Goldfinch/123.jpg,https://birdbucket23.s3.amazonaws.com/American Goldfinch/123.jpg,American Goldfinch,123.jpg
124,American Goldfinch/124.jpg,https://birdbucket23.s3.amazonaws.com/American Goldfinch/124.jpg,American Goldfinch,124.jpg
125,American Goldfinch/125.jpg,https://birdbucket23.s3.amazonaws.com/American Goldfinch/125.jpg,American Goldfinch,125.jpg
126,American Goldfinch/126.jpg,https://birdbucket23.s3.amazonaws.com/American Goldfinch/126.jpg,American Goldfinch,126.jpg
127,American Goldfinch/127.jpg,https://birdbucket23.s3.amazonaws.com/American Goldfinch/127.jpg,American Goldfinch,127.jpg
128,American Goldfinch/128.jpg,https://birdbucket23.s3.amazonaws.com/American Goldfinch/128.jpg,American Goldfinch,128.jpg
129,American Goldfinch/129.jpg,https://birdbucket23.s3.amazonaws.com/American Goldfinch/129.jpg,American Goldfinch,129.jpg
130,American Goldfinch/130.jpg,https://birdbucket23.s3.amazonaws.com/American Goldfinch/130.jpg,American Goldfinch,130.jpg
131,American Goldfinch/131.jpg,https://birdbucket23.s3.amazonaws.com/American Goldfinch/131.jpg,American Goldfinch,131.jpg
132,American Goldfinch/132.jpg,https://birdbucket23.s3.amazonaws.com/American Goldfinch/132.jpg,American Goldfinch,132.jpg
133,American Goldfinch/133.jpg,https://birdbucket23.s3.amazonaws.com/American Goldfinch/133.jpg,American Goldfinch,133.jpg
134,American Goldfinch/134.jpg,https://birdbucket23.s3.amazonaws.com/American Goldfinch/134.jpg,American Goldfinch,134.jpg
135,American Goldfinch/135.jpg,https://birdbucket23.s3.amazonaws.com/American Goldfinch/135.jpg,American Goldfinch,135.jpg
136,American Goldfinch/136.jpg,https://birdbucket23.s3.amazonaws.com/American Goldfinch/136.jpg,American Goldfinch,136.jpg
137,American Goldfinch/137.jpg,https://birdbucket23.s3.amazonaws.com/American Goldfinch/137.jpg,American Goldfinch,137.jpg
138,American Goldfinch/138.jpg,https://birdbucket23.s3.amazonaws.com/American Goldfinch/138.jpg,American Goldfinch,138.jpg
139,American Goldfinch/139.jpg,https://birdbucket23.s3.amazonaws.com/American Goldfinch/139.jpg,American Goldfinch,139.jpg
140,American Goldfinch/140.jpg,https://birdbucket23.s3.amazonaws.com/American Goldfinch/140.jpg,American Goldfinch,140.jpg
141,American Goldfinch/141.jpg,https://birdbucket23.s3.amazonaws.com/American Goldfinch/141.jpg,American Goldfinch,141.jpg
142,American Goldfinch/142.jpg,https://birdbucket23.s3.amazonaws.com/American Goldfinch/142.jpg,American Goldfinch,142.jpg
143,American Goldfinch/143.jpg,https://birdbucket23.s3.amazonaws.com/American Goldfinch/143.jpg,American Goldfinch,143.jpg
144,Barn Owl/001.jpg,https://birdbucket23.s3.amazonaws.com/Barn Owl/001.jpg,Barn Owl,001.jpg
145,Barn Owl/002.jpg,https://birdbucket23.s3.amazonaws.com/Barn Owl/002.jpg,Barn Owl,002.jpg
146,Barn Owl/003.jpg,https://birdbucket23.s3.amazonaws.com/Barn Owl/003.jpg,Barn Owl,003.jpg
147,Barn Owl/004.jpg,https://birdbucket23.s3.amazonaws.com/Barn Owl/004.jpg,Barn Owl,004.jpg
148,Barn Owl/005.jpg,https://birdbucket23.s3.amazonaws.com/Barn Owl/005.jpg,Barn Owl,005.jpg
149,Barn Owl/006.jpg,https://birdbucket23.s3.amazonaws.com/Barn Owl/006.jpg,Barn Owl,006.jpg
150,Barn Owl/007.jpg,https://birdbucket23.s3.amazonaws.com/Barn Owl/007.jpg,Barn Owl,007.jpg
151,Barn Owl/008.jpg,https://birdbucket23.s3.amazonaws.com/Barn Owl/008.jpg,Barn Owl,008.jpg
152,Barn Owl/009.jpg,https://birdbucket23.s3.amazonaws.com/Barn Owl/009.jpg,Barn Owl,009.jpg
153,Barn Owl/010.jpg,https://birdbucket23.s3.amazonaws.com/Barn Owl/010.jpg,Barn Owl,010.jpg
154,Barn Owl/011.jpg,https://birdbucket23.s3.amazonaws.com/Barn Owl/011.jpg,Barn Owl,011.jpg
155,Barn Owl/012.jpg,https://birdbucket23.s3.amazonaws.com/Barn Owl/012.jpg,Barn Owl,012.jpg
156,Barn Owl/013.jpg,https://birdbucket23.s3.amazonaws.com/Barn Owl/013.jpg,Barn Owl,013.jpg
157,Barn Owl/014.jpg,https://birdbucket23.s3.amazonaws.com/Barn Owl/014.jpg,Barn Owl,014.jpg
158,Barn Owl/015.jpg,https://birdbucket23.s3.amazonaws.com/Barn Owl/015.jpg,Barn Owl,015.jpg
159,Barn Owl/016.jpg,https://birdbucket23.s3.amazonaws.com/Barn Owl/016.jpg,Barn Owl,016.jpg
160,Barn Owl/017.jpg,https://birdbucket23.s3.amazonaws.com/Barn Owl/017.jpg,Barn Owl,017.jpg
161,Barn Owl/018.jpg,https://birdbucket23.s3.amazonaws.com/Barn Owl/018.jpg,Barn Owl,018.jpg
162,Barn Owl/019.jpg,https://birdbucket23.s3.amazonaws.com/Barn Owl/019.jpg,Barn Owl,019.jpg
163,Barn Owl/020.jpg,https://birdbucket23.s3.amazonaws.com/Barn Owl/020.jpg,Barn Owl,020.jpg
164,Barn Owl/021.jpg,https://birdbucket23.s3.amazonaws.com/Barn Owl/021.jpg,Barn Owl,021.jpg
165,Barn Owl/022.jpg,https://birdbucket23.s3.amazonaws.com/Barn Owl/022.jpg,Barn Owl,022.jpg
166,Barn Owl/023.jpg,https://birdbucket23.s3.amazonaws.com/Barn Owl/023.jpg,Barn Owl,023.jpg
167,Barn Owl/024.jpg,https://birdbucket23.s3.amazonaws.com/Barn Owl/024.jpg,Barn Owl,024.jpg
168,Barn Owl/025.jpg,https://birdbucket23.s3.amazonaws.com/Barn Owl/025.jpg,Barn Owl,025.jpg
169,Barn Owl/026.jpg,https://birdbucket23.s3.amazonaws.com/Barn Owl/026.jpg,Barn Owl,026.jpg
170,Barn Owl/027.jpg,https://birdbucket23.s3.amazonaws.com/Barn Owl/027.jpg,Barn Owl,027.jpg
171,Barn Owl/028.jpg,https://birdbucket23.s3.amazonaws.com/Barn Owl/028.jpg,Barn Owl,028.jpg
172,Barn Owl/029.jpg,https://birdbucket23.s3.amazonaws.com/Barn Owl/029.jpg,Barn Owl,029.jpg
173,Barn Owl/030.jpg,https://birdbucket23.s3.amazonaws.com/Barn Owl/030.jpg,Barn Owl,030.jpg
174,Barn Owl/031.jpg,https://birdbucket23.s3.amazonaws.com/Barn Owl/031.jpg,Barn Owl,031.jpg
175,Barn Owl/032.jpg,https://birdbucket23.s3.amazonaws.com/Barn Owl/032.jpg,Barn Owl,032.jpg
176,Barn Owl/033.jpg,https://birdbucket23.s3.amazonaws.com/Barn Owl/033.jpg,Barn Owl,033.jpg
177,Barn Owl/034.jpg,https://birdbucket23.s3.amazonaws.com/Barn Owl/034.jpg,Barn Owl,034.jpg
178,Barn Owl/035.jpg,https://birdbucket23.s3.amazonaws.com/Barn Owl/035.jpg,Barn Owl,035.jpg
179,Barn Owl/036.jpg,https://birdbucket23.s3.amazonaws.com/Barn Owl/036.jpg,Barn Owl,036.jpg
180,Barn Owl/037.jpg,https://birdbucket23.s3.amazonaws.com/Barn Owl/037.jpg,Barn Owl,037.jpg
181,Barn Owl/038.jpg,https://birdbucket23.s3.amazonaws.com/Barn Owl/038.jpg,Barn Owl,038.jpg
182,Barn Owl/039.jpg,https://birdbucket23.s3.amazonaws.com/Barn Owl/039.jpg,Barn Owl,039.jpg
183,Barn Owl/040.jpg,https://birdbucket23.s3.amazonaws.com/Barn Owl/040.jpg,Barn Owl,040.jpg
184,Barn Owl/041.jpg,https://birdbucket23.s3.amazonaws.com/Barn Owl/041.jpg,Barn Owl,041.jpg
185,Barn Owl/042.jpg,https://birdbucket23.s3.amazonaws.com/Barn Owl/042.jpg,Barn Owl,042.jpg
186,Barn Owl/043.jpg,https://birdbucket23.s3.amazonaws.com/Barn Owl/043.jpg,Barn Owl,043.jpg
187,Barn Owl/044.jpg,https://birdbucket23.s3.amazonaws.com/Barn Owl/044.jpg,Barn Owl,044.jpg
188,Barn Owl/045.jpg,https://birdbucket23.s3.amazonaws.com/Barn Owl/045.jpg,Barn Owl,045.jpg
189,Barn Owl/046.jpg,https://birdbucket23.s3.amazonaws.com/Barn Owl/046.jpg,Barn Owl,046.jpg
190,Barn Owl/047.jpg,https://birdbucket23.s3.amazonaws.com/Barn Owl/047.jpg,Barn Owl,047.jpg
191,Barn Owl/048.jpg,https://birdbucket23.s3.amazonaws.com/Barn Owl/048.jpg,Barn Owl,048.jpg
192,Barn Owl/049.jpg,https://birdbucket23.s3.amazonaws.com/Barn Owl/049.jpg,Barn Owl,049.jpg
193,Barn Owl/050.jpg,https://birdbucket23.s3.amazonaws.com/Barn Owl/050.jpg,Barn Owl,050.jpg
194,Barn Owl/051.jpg,https://birdbucket23.s3.amazonaws.com/Barn Owl/051.jpg,Barn Owl,051.jpg
195,Barn Owl/052.jpg,https://birdbucket23.s3.amazonaws.com/Barn Owl/052.jpg,Barn Owl,052.jpg
196,Barn Owl/053.jpg,https://birdbucket23.s3.amazonaws.com/Barn Owl/053.jpg,Barn Owl,053.jpg
197,Barn Owl/054.jpg,https://birdbucket23.s3.amazonaws.com/Barn Owl/054.jpg,Barn Owl,054.jpg
198,Barn Owl/055.jpg,https://birdbucket23.s3.amazonaws.com/Barn Owl/055.jpg,Barn Owl,055.jpg
199,Barn Owl/056.jpg,https://birdbucket23.s3.amazonaws.com/Barn Owl/056.jpg,Barn Owl,056.jpg
200,Barn Owl/057.jpg,https://birdbucket23.s3.amazonaws.com/Barn Owl/057.jpg,Barn Owl,057.jpg
201,Barn Owl/058.jpg,https://birdbucket23.s3.amazonaws.com/Barn Owl/058.jpg,Barn Owl,058.jpg
202,Barn Owl/059.jpg,https://birdbucket23.s3.amazonaws.com/Barn Owl/059.jpg,Barn Owl,059.jpg
203,Barn Owl/060.jpg,https://birdbucket23.s3.amazonaws.com/Barn Owl/060.jpg,Barn Owl,060.jpg
204,Barn Owl/061.jpg,https://birdbucket23.s3.amazonaws.com/Barn Owl/061.jpg,Barn Owl,061.jpg
205,Barn Owl/062.jpg,https://birdbucket23.s3.amazonaws.com/Barn Owl/062.jpg,Barn Owl,062.jpg
206,Barn Owl/063.jpg,https://birdbucket23.s3.amazonaws.com/Barn Owl/063.jpg,Barn Owl,063.jpg
207,Barn Owl/064.jpg,https://birdbucket23.s3.amazonaws.com/Barn Owl/064.jpg,Barn Owl,064.jpg
208,Barn Owl/065.jpg,https://birdbucket23.s3.amazonaws.com/Barn Owl/065.jpg,Barn Owl,065.jpg
209,Barn Owl/066.jpg,https://birdbucket23.s3.amazonaws.com/Barn Owl/066.jpg,Barn Owl,066.jpg
210,Barn Owl/067.jpg,https://birdbucket23.s3.amazonaws.com/Barn Owl/067.jpg,Barn Owl,067.jpg
211,Barn Owl/068.jpg,https://birdbucket23.s3.amazonaws.com/Barn Owl/068.jpg,Barn Owl,068.jpg
212,Barn Owl/069.jpg,https://birdbucket23.s3.amazonaws.com/Barn Owl/069.jpg,Barn Owl,069.jpg
213,Barn Owl/070.jpg,https://birdbucket23.s3.amazonaws.com/Barn Owl/070.jpg,Barn Owl,070.jpg
214,Barn Owl/071.jpg,https://birdbucket23.s3.amazonaws.com/Barn Owl/071.jpg,Barn Owl,071.jpg
215,Barn Owl/072.jpg,https://birdbucket23.s3.amazonaws.com/Barn Owl/072.jpg,Barn Owl,072.jpg
216,Barn Owl/073.jpg,https://birdbucket23.s3.amazonaws.com/Barn Owl/073.jpg,Barn Owl,073.jpg
217,Barn Owl/074.jpg,https://birdbucket23.s3.amazonaws.com/Barn Owl/074.jpg,Barn Owl,074.jpg
218,Barn Owl/075.jpg,https://birdbucket23.s3.amazonaws.com/Barn Owl/075.jpg,Barn Owl,075.jpg
219,Barn Owl/076.jpg,https://birdbucket23.s3.amazonaws.com/Barn Owl/076.jpg,Barn Owl,076.jpg
220,Barn Owl/077.jpg,https://birdbucket23.s3.amazonaws.com/Barn Owl/077.jpg,Barn Owl,077.jpg
221,Barn Owl/078.jpg,https://birdbucket23.s3.amazonaws.com/Barn Owl/078.jpg,Barn Owl,078.jpg
222,Barn Owl/079.jpg,https://birdbucket23.s3.amazonaws.com/Barn Owl/079.jpg,Barn Owl,079.jpg
223,Barn Owl/080.jpg,https://birdbucket23.s3.amazonaws.com/Barn Owl/080.jpg,Barn Owl,080.jpg
224,Barn Owl/081.jpg,https://birdbucket23.s3.amazonaws.com/Barn Owl/081.jpg,Barn Owl,081.jpg
225,Barn Owl/082.jpg,https://birdbucket23.s3.amazonaws.com/Barn Owl/082.jpg,Barn Owl,082.jpg
226,Barn Owl/083.jpg,https://birdbucket23.s3.amazonaws.com/Barn Owl/083.jpg,Barn Owl,083.jpg
227,Barn Owl/084.jpg,https://birdbucket23.s3.amazonaws.com/Barn Owl/084.jpg,Barn Owl,084.jpg
228,Barn Owl/085.jpg,https://birdbucket23.s3.amazonaws.com/Barn Owl/085.jpg,Barn Owl,085.jpg
229,Barn Owl/086.jpg,https://birdbucket23.s3.amazonaws.com/Barn Owl/086.jpg,Barn Owl,086.jpg
230,Barn Owl/087.jpg,https://birdbucket23.s3.amazonaws.com/Barn Owl/087.jpg,Barn Owl,087.jpg
231,Barn Owl/088.jpg,https://birdbucket23.s3.amazonaws.com/Barn Owl/088.jpg,Barn Owl,088.jpg
232,Barn Owl/089.jpg,https://birdbucket23.s3.amazonaws.com/Barn Owl/089.jpg,Barn Owl,089.jpg
233,Barn Owl/090.jpg,https://birdbucket23.s3.amazonaws.com/Barn Owl/090.jpg,Barn Owl,090.jpg
234,Barn Owl/091.jpg,https://birdbucket23.s3.amazonaws.com/Barn Owl/091.jpg,Barn Owl,091.jpg
235,Barn Owl/092.jpg,https://birdbucket23.s3.amazonaws.com/Barn Owl/092.jpg,Barn Owl,092.jpg
236,Barn Owl/093.jpg,https://birdbucket23.s3.amazonaws.com/Barn Owl/093.jpg,Barn Owl,093.jpg
237,Barn Owl/094.jpg,https://birdbucket23.s3.amazonaws.com/Barn Owl/094.jpg,Barn Owl,094.jpg
238,Barn Owl/095.jpg,https://birdbucket23.s3.amazonaws.com/Barn Owl/095.jpg,Barn Owl,095.jpg
239,Barn Owl/096.jpg,https://birdbucket23.s3.amazonaws.com/Barn Owl/096.jpg,Barn Owl,096.jpg
240,Barn Owl/097.jpg,https://birdbucket23.s3.amazonaws.com/Barn Owl/097.jpg,Barn Owl,097.jpg
241,Barn Owl/098.jpg,https://birdbucket23.s3.amazonaws.com/Barn Owl/098.jpg,Barn Owl,098.jpg
242,Barn Owl/099.jpg,https://birdbucket23.s3.amazonaws.com/Barn Owl/099.jpg,Barn Owl,099.jpg
243,Barn Owl/100.jpg,https://birdbucket23.s3.amazonaws.com/Barn Owl/100.jpg,Barn Owl,100.jpg
244,Barn Owl/101.jpg,https://birdbucket23.s3.amazonaws.com/Barn Owl/101.jpg,Barn Owl,101.jpg
245,Barn Owl/102.jpg,https://birdbucket23.s3.amazonaws.com/Barn Owl/102.jpg,Barn Owl,102.jpg
246,Barn Owl/103.jpg,https://birdbucket23.s3.amazonaws.com/Barn Owl/103.jpg,Barn Owl,103.jpg
247,Barn Owl/104.jpg,https://birdbucket23.s3.amazonaws.com/Barn Owl/104.jpg,Barn Owl,104.jpg
248,Barn Owl/105.jpg,https://birdbucket23.s3.amazonaws.com/Barn Owl/105.jpg,Barn Owl,105.jpg
249,Barn Owl/106.jpg,https://birdbucket23.s3.amazonaws.com/Barn Owl/106.jpg,Barn Owl,106.jpg
250,Barn Owl/107.jpg,https://birdbucket23.s3.amazonaws.com/Barn Owl/107.jpg,Barn Owl,107.jpg
251,Barn Owl/108.jpg,https://birdbucket23.s3.amazonaws.com/Barn Owl/108.jpg,Barn Owl,108.jpg
252,Barn Owl/109.jpg,https://birdbucket23.s3.amazonaws.com/Barn Owl/109.jpg,Barn Owl,109.jpg
253,Barn Owl/110.jpg,https://birdbucket23.s3.amazonaws.com/Barn Owl/110.jpg,Barn Owl,110.jpg
254,Barn Owl/111.jpg,https://birdbucket23.s3.amazonaws.com/Barn Owl/111.jpg,Barn Owl,111.jpg
255,Barn Owl/112.jpg,https://birdbucket23.s3.amazonaws.com/Barn Owl/112.jpg,Barn Owl,112.jpg
256,Barn Owl/113.jpg,https://birdbucket23.s3.amazonaws.com/Barn Owl/113.jpg,Barn Owl,113.jpg
257,Barn Owl/114.jpg,https://birdbucket23.s3.amazonaws.com/Barn Owl/114.jpg,Barn Owl,114.jpg
258,Barn Owl/115.jpg,https://birdbucket23.s3.amazonaws.com/Barn Owl/115.jpg,Barn Owl,115.jpg
259,Barn Owl/116.jpg,https://birdbucket23.s3.amazonaws.com/Barn Owl/116.jpg,Barn Owl,116.jpg
260,Barn Owl/117.jpg,https://birdbucket23.s3.amazonaws.com/Barn Owl/117.jpg,Barn Owl,117.jpg
261,Barn Owl/118.jpg,https://birdbucket23.s3.amazonaws.com/Barn Owl/118.jpg,Barn Owl,118.jpg
262,Barn Owl/119.jpg,https://birdbucket23.s3.amazonaws.com/Barn Owl/119.jpg,Barn Owl,119.jpg
263,Barn Owl/120.jpg,https://birdbucket23.s3.amazonaws.com/Barn Owl/120.jpg,Barn Owl,120.jpg
264,Barn Owl/121.jpg,https://birdbucket23.s3.amazonaws.com/Barn Owl/121.jpg,Barn Owl,121.jpg
265,Barn Owl/122.jpg,https://birdbucket23.s3.amazonaws.com/Barn Owl/122.jpg,Barn Owl,122.jpg
266,Barn Owl/123.jpg,https://birdbucket23.s3.amazonaws.com/Barn Owl/123.jpg,Barn Owl,123.jpg
267,Barn Owl/124.jpg,https://birdbucket23.s3.amazonaws.com/Barn Owl/124.jpg,Barn Owl,124.jpg
268,Barn Owl/125.jpg,https://birdbucket23.s3.amazonaws.com/Barn Owl/125.jpg,Barn Owl,125.jpg
269,Barn Owl/126.jpg,https://birdbucket23.s3.amazonaws.com/Barn Owl/126.jpg,Barn Owl,126.jpg
270,Barn Owl/127.jpg,https://birdbucket23.s3.amazonaws.com/Barn Owl/127.jpg,Barn Owl,127.jpg
271,Barn Owl/128.jpg,https://birdbucket23.s3.amazonaws.com/Barn Owl/128.jpg,Barn Owl,128.jpg
272,Barn Owl/129.jpg,https://birdbucket23.s3.amazonaws.com/Barn Owl/129.jpg,Barn Owl,129.jpg
273,Crow/001.jpg,https://birdbucket23.s3.amazonaws.com/Crow/001.jpg,Crow,001.jpg
274,Crow/002.jpg,https://birdbucket23.s3.amazonaws.com/Crow/002.jpg,Crow,002.jpg
275,Crow/003.jpg,https://birdbucket23.s3.amazonaws.com/Crow/003.jpg,Crow,003.jpg
276,Crow/004.jpg,https://birdbucket23.s3.amazonaws.com/Crow/004.jpg,Crow,004.jpg
277,Crow/005.jpg,https://birdbucket23.s3.amazonaws.com/Crow/005.jpg,Crow,005.jpg
278,Crow/006.jpg,https://birdbucket23.s3.amazonaws.com/Crow/006.jpg,Crow,006.jpg
279,Crow/007.jpg,https://birdbucket23.s3.amazonaws.com/Crow/007.jpg,Crow,007.jpg
280,Crow/008.jpg,https://birdbucket23.s3.amazonaws.com/Crow/008.jpg,Crow,008.jpg
281,Crow/009.jpg,https://birdbucket23.s3.amazonaws.com/Crow/009.jpg,Crow,009.jpg
282,Crow/010.jpg,https://birdbucket23.s3.amazonaws.com/Crow/010.jpg,Crow,010.jpg
283,Crow/011.jpg,https://birdbucket23.s3.amazonaws.com/Crow/011.jpg,Crow,011.jpg
284,Crow/012.jpg,https://birdbucket23.s3.amazonaws.com/Crow/012.jpg,Crow,012.jpg
285,Crow/013.jpg,https://birdbucket23.s3.amazonaws.com/Crow/013.jpg,Crow,013.jpg
286,Crow/014.jpg,https://birdbucket23.s3.amazonaws.com/Crow/014.jpg,Crow,014.jpg
287,Crow/015.jpg,https://birdbucket23.s3.amazonaws.com/Crow/015.jpg,Crow,015.jpg
288,Crow/016.jpg,https://birdbucket23.s3.amazonaws.com/Crow/016.jpg,Crow,016.jpg
289,Crow/017.jpg,https://birdbucket23.s3.amazonaws.com/Crow/017.jpg,Crow,017.jpg
290,Crow/018.jpg,https://birdbucket23.s3.amazonaws.com/Crow/018.jpg,Crow,018.jpg
291,Crow/019.jpg,https://birdbucket23.s3.amazonaws.com/Crow/019.jpg,Crow,019.jpg
292,Crow/020.jpg,https://birdbucket23.s3.amazonaws.com/Crow/020.jpg,Crow,020.jpg
293,Crow/021.jpg,https://birdbucket23.s3.amazonaws.com/Crow/021.jpg,Crow,021.jpg
294,Crow/022.jpg,https://birdbucket23.s3.amazonaws.com/Crow/022.jpg,Crow,022.jpg
295,Crow/023.jpg,https://birdbucket23.s3.amazonaws.com/Crow/023.jpg,Crow,023.jpg
296,Crow/024.jpg,https://birdbucket23.s3.amazonaws.com/Crow/024.jpg,Crow,024.jpg
297,Crow/025.jpg,https://birdbucket23.s3.amazonaws.com/Crow/025.jpg,Crow,025.jpg
298,Crow/026.jpg,https://birdbucket23.s3.amazonaws.com/Crow/026.jpg,Crow,026.jpg
299,Crow/027.jpg,https://birdbucket23.s3.amazonaws.com/Crow/027.jpg,Crow,027.jpg
300,Crow/028.jpg,https://birdbucket23.s3.amazonaws.com/Crow/028.jpg,Crow,028.jpg
301,Crow/029.jpg,https://birdbucket23.s3.amazonaws.com/Crow/029.jpg,Crow,029.jpg
302,Crow/030.jpg,https://birdbucket23.s3.amazonaws.com/Crow/030.jpg,Crow,030.jpg
303,Crow/031.jpg,https://birdbucket23.s3.amazonaws.com/Crow/031.jpg,Crow,031.jpg
304,Crow/032.jpg,https://birdbucket23.s3.amazonaws.com/Crow/032.jpg,Crow,032.jpg
305,Crow/033.jpg,https://birdbucket23.s3.amazonaws.com/Crow/033.jpg,Crow,033.jpg
306,Crow/034.jpg,https://birdbucket23.s3.amazonaws.com/Crow/034.jpg,Crow,034.jpg
307,Crow/035.jpg,https://birdbucket23.s3.amazonaws.com/Crow/035.jpg,Crow,035.jpg
308,Crow/036.jpg,https://birdbucket23.s3.amazonaws.com/Crow/036.jpg,Crow,036.jpg
309,Crow/037.jpg,https://birdbucket23.s3.amazonaws.com/Crow/037.jpg,Crow,037.jpg
310,Crow/038.jpg,https://birdbucket23.s3.amazonaws.com/Crow/038.jpg,Crow,038.jpg
311,Crow/039.jpg,https://birdbucket23.s3.amazonaws.com/Crow/039.jpg,Crow,039.jpg
312,Crow/040.jpg,https://birdbucket23.s3.amazonaws.com/Crow/040.jpg,Crow,040.jpg
313,Crow/041.jpg,https://birdbucket23.s3.amazonaws.com/Crow/041.jpg,Crow,041.jpg
314,Crow/042.jpg,https://birdbucket23.s3.amazonaws.com/Crow/042.jpg,Crow,042.jpg
315,Crow/043.jpg,https://birdbucket23.s3.amazonaws.com/Crow/043.jpg,Crow,043.jpg
316,Crow/044.jpg,https://birdbucket23.s3.amazonaws.com/Crow/044.jpg,Crow,044.jpg
317,Crow/045.jpg,https://birdbucket23.s3.amazonaws.com/Crow/045.jpg,Crow,045.jpg
318,Crow/046.jpg,https://birdbucket23.s3.amazonaws.com/Crow/046.jpg,Crow,046.jpg
319,Crow/047.jpg,https://birdbucket23.s3.amazonaws.com/Crow/047.jpg,Crow,047.jpg
320,Crow/048.jpg,https://birdbucket23.s3.amazonaws.com/Crow/048.jpg,Crow,048.jpg
321,Crow/049.jpg,https://birdbucket23.s3.amazonaws.com/Crow/049.jpg,Crow,049.jpg
322,Crow/050.jpg,https://birdbucket23.s3.amazonaws.com/Crow/050.jpg,Crow,050.jpg
323,Crow/051.jpg,https://birdbucket23.s3.amazonaws.com/Crow/051.jpg,Crow,051.jpg
324,Crow/052.jpg,https://birdbucket23.s3.amazonaws.com/Crow/052.jpg,Crow,052.jpg
325,Crow/053.jpg,https://birdbucket23.s3.amazonaws.com/Crow/053.jpg,Crow,053.jpg
326,Crow/054.jpg,https://birdbucket23.s3.amazonaws.com/Crow/054.jpg,Crow,054.jpg
327,Crow/055.jpg,https://birdbucket23.s3.amazonaws.com/Crow/055.jpg,Crow,055.jpg
328,Crow/056.jpg,https://birdbucket23.s3.amazonaws.com/Crow/056.jpg,Crow,056.jpg
329,Crow/057.jpg,https://birdbucket23.s3.amazonaws.com/Crow/057.jpg,Crow,057.jpg
330,Crow/058.jpg,https://birdbucket23.s3.amazonaws.com/Crow/058.jpg,Crow,058.jpg
331,Crow/059.jpg,https://birdbucket23.s3.amazonaws.com/Crow/059.jpg,Crow,059.jpg
332,Crow/060.jpg,https://birdbucket23.s3.amazonaws.com/Crow/060.jpg,Crow,060.jpg
333,Crow/061.jpg,https://birdbucket23.s3.amazonaws.com/Crow/061.jpg,Crow,061.jpg
334,Crow/062.jpg,https://birdbucket23.s3.amazonaws.com/Crow/062.jpg,Crow,062.jpg
335,Crow/063.jpg,https://birdbucket23.s3.amazonaws.com/Crow/063.jpg,Crow,063.jpg
336,Crow/064.jpg,https://birdbucket23.s3.amazonaws.com/Crow/064.jpg,Crow,064.jpg
337,Crow/065.jpg,https://birdbucket23.s3.amazonaws.com/Crow/065.jpg,Crow,065.jpg
338,Crow/066.jpg,https://birdbucket23.s3.amazonaws.com/Crow/066.jpg,Crow,066.jpg
339,Crow/067.jpg,https://birdbucket23.s3.amazonaws.com/Crow/067.jpg,Crow,067.jpg
340,Crow/068.jpg,https://birdbucket23.s3.amazonaws.com/Crow/068.jpg,Crow,068.jpg
341,Crow/069.jpg,https://birdbucket23.s3.amazonaws.com/Crow/069.jpg,Crow,069.jpg
342,Downy Woodpecker/001.jpg,https://birdbucket23.s3.amazonaws.com/Downy Woodpecker/001.jpg,Downy Woodpecker,001.jpg
343,Downy Woodpecker/002.jpg,https://birdbucket23.s3.amazonaws.com/Downy Woodpecker/002.jpg,Downy Woodpecker,002.jpg
344,Downy Woodpecker/003.jpg,https://birdbucket23.s3.amazonaws.com/Downy Woodpecker/003.jpg,Downy Woodpecker,003.jpg
345,Downy Woodpecker/004.jpg,https://birdbucket23.s3.amazonaws.com/Downy Woodpecker/004.jpg,Downy Woodpecker,004.jpg
346,Downy Woodpecker/005.jpg,https://birdbucket23.s3.amazonaws.com/Downy Woodpecker/005.jpg,Downy Woodpecker,005.jpg
347,Downy Woodpecker/006.jpg,https://birdbucket23.s3.amazonaws.com/Downy Woodpecker/006.jpg,Downy Woodpecker,006.jpg
348,Downy Woodpecker/007.jpg,https://birdbucket23.s3.amazonaws.com/Downy Woodpecker/007.jpg,Downy Woodpecker,007.jpg
349,Downy Woodpecker/008.jpg,https://birdbucket23.s3.amazonaws.com/Downy Woodpecker/008.jpg,Downy Woodpecker,008.jpg
350,Downy Woodpecker/009.jpg,https://birdbucket23.s3.amazonaws.com/Downy Woodpecker/009.jpg,Downy Woodpecker,009.jpg
351,Downy Woodpecker/010.jpg,https://birdbucket23.s3.amazonaws.com/Downy Woodpecker/010.jpg,Downy Woodpecker,010.jpg
352,Downy Woodpecker/011.jpg,https://birdbucket23.s3.amazonaws.com/Downy Woodpecker/011.jpg,Downy Woodpecker,011.jpg
353,Downy Woodpecker/012.jpg,https://birdbucket23.s3.amazonaws.com/Downy Woodpecker/012.jpg,Downy Woodpecker,012.jpg
354,Downy Woodpecker/013.jpg,https://birdbucket23.s3.amazonaws.com/Downy Woodpecker/013.jpg,Downy Woodpecker,013.jpg
355,Downy Woodpecker/014.jpg,https://birdbucket23.s3.amazonaws.com/Downy Woodpecker/014.jpg,Downy Woodpecker,014.jpg
356,Downy Woodpecker/015.jpg,https://birdbucket23.s3.amazonaws.com/Downy Woodpecker/015.jpg,Downy Woodpecker,015.jpg
357,Downy Woodpecker/016.jpg,https://birdbucket23.s3.amazonaws.com/Downy Woodpecker/016.jpg,Downy Woodpecker,016.jpg
358,Downy Woodpecker/017.jpg,https://birdbucket23.s3.amazonaws.com/Downy Woodpecker/017.jpg,Downy Woodpecker,017.jpg
359,Downy Woodpecker/018.jpg,https://birdbucket23.s3.amazonaws.com/Downy Woodpecker/018.jpg,Downy Woodpecker,018.jpg
360,Downy Woodpecker/019.jpg,https://birdbucket23.s3.amazonaws.com/Downy Woodpecker/019.jpg,Downy Woodpecker,019.jpg
361,Downy Woodpecker/020.jpg,https://birdbucket23.s3.amazonaws.com/Downy Woodpecker/020.jpg,Downy Woodpecker,020.jpg
362,Downy Woodpecker/021.jpg,https://birdbucket23.s3.amazonaws.com/Downy Woodpecker/021.jpg,Downy Woodpecker,021.jpg
363,Downy Woodpecker/022.jpg,https://birdbucket23.s3.amazonaws.com/Downy Woodpecker/022.jpg,Downy Woodpecker,022.jpg
364,Downy Woodpecker/023.jpg,https://birdbucket23.s3.amazonaws.com/Downy Woodpecker/023.jpg,Downy Woodpecker,023.jpg
365,Downy Woodpecker/024.jpg,https://birdbucket23.s3.amazonaws.com/Downy Woodpecker/024.jpg,Downy Woodpecker,024.jpg
366,Downy Woodpecker/025.jpg,https://birdbucket23.s3.amazonaws.com/Downy Woodpecker/025.jpg,Downy Woodpecker,025.jpg
367,Downy Woodpecker/026.jpg,https://birdbucket23.s3.amazonaws.com/Downy Woodpecker/026.jpg,Downy Woodpecker,026.jpg
368,Downy Woodpecker/027.jpg,https://birdbucket23.s3.amazonaws.com/Downy Woodpecker/027.jpg,Downy Woodpecker,027.jpg
369,Downy Woodpecker/028.jpg,https://birdbucket23.s3.amazonaws.com/Downy Woodpecker/028.jpg,Downy Woodpecker,028.jpg
370,Downy Woodpecker/029.jpg,https://birdbucket23.s3.amazonaws.com/Downy Woodpecker/029.jpg,Downy Woodpecker,029.jpg
371,Downy Woodpecker/030.jpg,https://birdbucket23.s3.amazonaws.com/Downy Woodpecker/030.jpg,Downy Woodpecker,030.jpg
372,Downy Woodpecker/031.jpg,https://birdbucket23.s3.amazonaws.com/Downy Woodpecker/031.jpg,Downy Woodpecker,031.jpg
373,Downy Woodpecker/032.jpg,https://birdbucket23.s3.amazonaws.com/Downy Woodpecker/032.jpg,Downy Woodpecker,032.jpg
374,Downy Woodpecker/033.jpg,https://birdbucket23.s3.amazonaws.com/Downy Woodpecker/033.jpg,Downy Woodpecker,033.jpg
375,Downy Woodpecker/034.jpg,https://birdbucket23.s3.amazonaws.com/Downy Woodpecker/034.jpg,Downy Woodpecker,034.jpg
376,Downy Woodpecker/035.jpg,https://birdbucket23.s3.amazonaws.com/Downy Woodpecker/035.jpg,Downy Woodpecker,035.jpg
377,Downy Woodpecker/036.jpg,https://birdbucket23.s3.amazonaws.com/Downy Woodpecker/036.jpg,Downy Woodpecker,036.jpg
378,Downy Woodpecker/037.jpg,https://birdbucket23.s3.amazonaws.com/Downy Woodpecker/037.jpg,Downy Woodpecker,037.jpg
379,Downy Woodpecker/038.jpg,https://birdbucket23.s3.amazonaws.com/Downy Woodpecker/038.jpg,Downy Woodpecker,038.jpg
380,Downy Woodpecker/039.jpg,https://birdbucket23.s3.amazonaws.com/Downy Woodpecker/039.jpg,Downy Woodpecker,039.jpg
381,Downy Woodpecker/040.jpg,https://birdbucket23.s3.amazonaws.com/Downy Woodpecker/040.jpg,Downy Woodpecker,040.jpg
382,Downy Woodpecker/041.jpg,https://birdbucket23.s3.amazonaws.com/Downy Woodpecker/041.jpg,Downy Woodpecker,041.jpg
383,Downy Woodpecker/042.jpg,https://birdbucket23.s3.amazonaws.com/Downy Woodpecker/042.jpg,Downy Woodpecker,042.jpg
384,Downy Woodpecker/043.jpg,https://birdbucket23.s3.amazonaws.com/Downy Woodpecker/043.jpg,Downy Woodpecker,043.jpg
385,Downy Woodpecker/044.jpg,https://birdbucket23.s3.amazonaws.com/Downy Woodpecker/044.jpg,Downy Woodpecker,044.jpg
386,Downy Woodpecker/045.jpg,https://birdbucket23.s3.amazonaws.com/Downy Woodpecker/045.jpg,Downy Woodpecker,045.jpg
387,Downy Woodpecker/046.jpg,https://birdbucket23.s3.amazonaws.com/Downy Woodpecker/046.jpg,Downy Woodpecker,046.jpg
388,Downy Woodpecker/047.jpg,https://birdbucket23.s3.amazonaws.com/Downy Woodpecker/047.jpg,Downy Woodpecker,047.jpg
389,Downy Woodpecker/048.jpg,https://birdbucket23.s3.amazonaws.com/Downy Woodpecker/048.jpg,Downy Woodpecker,048.jpg
390,Downy Woodpecker/049.jpg,https://birdbucket23.s3.amazonaws.com/Downy Woodpecker/049.jpg,Downy Woodpecker,049.jpg
391,Downy Woodpecker/050.jpg,https://birdbucket23.s3.amazonaws.com/Downy Woodpecker/050.jpg,Downy Woodpecker,050.jpg
392,Downy Woodpecker/051.jpg,https://birdbucket23.s3.amazonaws.com/Downy Woodpecker/051.jpg,Downy Woodpecker,051.jpg
393,Downy Woodpecker/052.jpg,https://birdbucket23.s3.amazonaws.com/Downy Woodpecker/052.jpg,Downy Woodpecker,052.jpg
394,Downy Woodpecker/053.jpg,https://birdbucket23.s3.amazonaws.com/Downy Woodpecker/053.jpg,Downy Woodpecker,053.jpg
395,Downy Woodpecker/054.jpg,https://birdbucket23.s3.amazonaws.com/Downy Woodpecker/054.jpg,Downy Woodpecker,054.jpg
396,Downy Woodpecker/055.jpg,https://birdbucket23.s3.amazonaws.com/Downy Woodpecker/055.jpg,Downy Woodpecker,055.jpg
397,Downy Woodpecker/056.jpg,https://birdbucket23.s3.amazonaws.com/Downy Woodpecker/056.jpg,Downy Woodpecker,056.jpg
398,Downy Woodpecker/057.jpg,https://birdbucket23.s3.amazonaws.com/Downy Woodpecker/057.jpg,Downy Woodpecker,057.jpg
399,Downy Woodpecker/058.jpg,https://birdbucket23.s3.amazonaws.com/Downy Woodpecker/058.jpg,Downy Woodpecker,058.jpg
400,Downy Woodpecker/059.jpg,https://birdbucket23.s3.amazonaws.com/Downy Woodpecker/059.jpg,Downy Woodpecker,059.jpg
401,Downy Woodpecker/060.jpg,https://birdbucket23.s3.amazonaws.com/Downy Woodpecker/060.jpg,Downy Woodpecker,060.jpg
402,Downy Woodpecker/061.jpg,https://birdbucket23.s3.amazonaws.com/Downy Woodpecker/061.jpg,Downy Woodpecker,061.jpg
403,Downy Woodpecker/062.jpg,https://birdbucket23.s3.amazonaws.com/Downy Woodpecker/062.jpg,Downy Woodpecker,062.jpg
404,Downy Woodpecker/063.jpg,https://birdbucket23.s3.amazonaws.com/Downy Woodpecker/063.jpg,Downy Woodpecker,063.jpg
405,Downy Woodpecker/064.jpg,https://birdbucket23.s3.amazonaws.com/Downy Woodpecker/064.jpg,Downy Woodpecker,064.jpg
406,Downy Woodpecker/065.jpg,https://birdbucket23.s3.amazonaws.com/Downy Woodpecker/065.jpg,Downy Woodpecker,065.jpg
407,Downy Woodpecker/066.jpg,https://birdbucket23.s3.amazonaws.com/Downy Woodpecker/066.jpg,Downy Woodpecker,066.jpg
408,Downy Woodpecker/067.jpg,https://birdbucket23.s3.amazonaws.com/Downy Woodpecker/067.jpg,Downy Woodpecker,067.jpg
409,Downy Woodpecker/068.jpg,https://birdbucket23.s3.amazonaws.com/Downy Woodpecker/068.jpg,Downy Woodpecker,068.jpg
410,Downy Woodpecker/069.jpg,https://birdbucket23.s3.amazonaws.com/Downy Woodpecker/069.jpg,Downy Woodpecker,069.jpg
411,Downy Woodpecker/070.jpg,https://birdbucket23.s3.amazonaws.com/Downy Woodpecker/070.jpg,Downy Woodpecker,070.jpg
412,Downy Woodpecker/071.jpg,https://birdbucket23.s3.amazonaws.com/Downy Woodpecker/071.jpg,Downy Woodpecker,071.jpg
413,Downy Woodpecker/072.jpg,https://birdbucket23.s3.amazonaws.com/Downy Woodpecker/072.jpg,Downy Woodpecker,072.jpg
414,Downy Woodpecker/073.jpg,https://birdbucket23.s3.amazonaws.com/Downy Woodpecker/073.jpg,Downy Woodpecker,073.jpg
415,Downy Woodpecker/074.jpg,https://birdbucket23.s3.amazonaws.com/Downy Woodpecker/074.jpg,Downy Woodpecker,074.jpg
416,Downy Woodpecker/075.jpg,https://birdbucket23.s3.amazonaws.com/Downy Woodpecker/075.jpg,Downy Woodpecker,075.jpg
417,Downy Woodpecker/076.jpg,https://birdbucket23.s3.amazonaws.com/Downy Woodpecker/076.jpg,Downy Woodpecker,076.jpg
418,Downy Woodpecker/077.jpg,https://birdbucket23.s3.amazonaws.com/Downy Woodpecker/077.jpg,Downy Woodpecker,077.jpg
419,Downy Woodpecker/078.jpg,https://birdbucket23.s3.amazonaws.com/Downy Woodpecker/078.jpg,Downy Woodpecker,078.jpg
420,Downy Woodpecker/079.jpg,https://birdbucket23.s3.amazonaws.com/Downy Woodpecker/079.jpg,Downy Woodpecker,079.jpg
421,Downy Woodpecker/080.jpg,https://birdbucket23.s3.amazonaws.com/Downy Woodpecker/080.jpg,Downy Woodpecker,080.jpg
422,Downy Woodpecker/081.jpg,https://birdbucket23.s3.amazonaws.com/Downy Woodpecker/081.jpg,Downy Woodpecker,081.jpg
423,Downy Woodpecker/082.jpg,https://birdbucket23.s3.amazonaws.com/Downy Woodpecker/082.jpg,Downy Woodpecker,082.jpg
424,Downy Woodpecker/083.jpg,https://birdbucket23.s3.amazonaws.com/Downy Woodpecker/083.jpg,Downy Woodpecker,083.jpg
425,Downy Woodpecker/084.jpg,https://birdbucket23.s3.amazonaws.com/Downy Woodpecker/084.jpg,Downy Woodpecker,084.jpg
426,Downy Woodpecker/085.jpg,https://birdbucket23.s3.amazonaws.com/Downy Woodpecker/085.jpg,Downy Woodpecker,085.jpg
427,Downy Woodpecker/086.jpg,https://birdbucket23.s3.amazonaws.com/Downy Woodpecker/086.jpg,Downy Woodpecker,086.jpg
428,Downy Woodpecker/087.jpg,https://birdbucket23.s3.amazonaws.com/Downy Woodpecker/087.jpg,Downy Woodpecker,087.jpg
429,Downy Woodpecker/088.jpg,https://birdbucket23.s3.amazonaws.com/Downy Woodpecker/088.jpg,Downy Woodpecker,088.jpg
430,Downy Woodpecker/089.jpg,https://birdbucket23.s3.amazonaws.com/Downy Woodpecker/089.jpg,Downy Woodpecker,089.jpg
431,Downy Woodpecker/090.jpg,https://birdbucket23.s3.amazonaws.com/Downy Woodpecker/090.jpg,Downy Woodpecker,090.jpg
432,Downy Woodpecker/091.jpg,https://birdbucket23.s3.amazonaws.com/Downy Woodpecker/091.jpg,Downy Woodpecker,091.jpg
433,Downy Woodpecker/092.jpg,https://birdbucket23.s3.amazonaws.com/Downy Woodpecker/092.jpg,Downy Woodpecker,092.jpg
434,Downy Woodpecker/093.jpg,https://birdbucket23.s3.amazonaws.com/Downy Woodpecker/093.jpg,Downy Woodpecker,093.jpg
435,Downy Woodpecker/094.jpg,https://birdbucket23.s3.amazonaws.com/Downy Woodpecker/094.jpg,Downy Woodpecker,094.jpg
436,Downy Woodpecker/095.jpg,https://birdbucket23.s3.amazonaws.com/Downy Woodpecker/095.jpg,Downy Woodpecker,095.jpg
437,Downy Woodpecker/096.jpg,https://birdbucket23.s3.amazonaws.com/Downy Woodpecker/096.jpg,Downy Woodpecker,096.jpg
438,Downy Woodpecker/097.jpg,https://birdbucket23.s3.amazonaws.com/Downy Woodpecker/097.jpg,Downy Woodpecker,097.jpg
439,Downy Woodpecker/098.jpg,https://birdbucket23.s3.amazonaws.com/Downy Woodpecker/098.jpg,Downy Woodpecker,098.jpg
440,Downy Woodpecker/099.jpg,https://birdbucket23.s3.amazonaws.com/Downy Woodpecker/099.jpg,Downy Woodpecker,099.jpg
441,Downy Woodpecker/100.jpg,https://birdbucket23.s3.amazonaws.com/Downy Woodpecker/100.jpg,Downy Woodpecker,100.jpg
442,Downy Woodpecker/101.jpg,https://birdbucket23.s3.amazonaws.com/Downy Woodpecker/101.jpg,Downy Woodpecker,101.jpg
443,Downy Woodpecker/102.jpg,https://birdbucket23.s3.amazonaws.com/Downy Woodpecker/102.jpg,Downy Woodpecker,102.jpg
444,Downy Woodpecker/103.jpg,https://birdbucket23.s3.amazonaws.com/Downy Woodpecker/103.jpg,Downy Woodpecker,103.jpg
445,Downy Woodpecker/104.jpg,https://birdbucket23.s3.amazonaws.com/Downy Woodpecker/104.jpg,Downy Woodpecker,104.jpg
446,Downy Woodpecker/105.jpg,https://birdbucket23.s3.amazonaws.com/Downy Woodpecker/105.jpg,Downy Woodpecker,105.jpg
447,Downy Woodpecker/106.jpg,https://birdbucket23.s3.amazonaws.com/Downy Woodpecker/106.jpg,Downy Woodpecker,106.jpg
448,Downy Woodpecker/107.jpg,https://birdbucket23.s3.amazonaws.com/Downy Woodpecker/107.jpg,Downy Woodpecker,107.jpg
449,Downy Woodpecker/108.jpg,https://birdbucket23.s3.amazonaws.com/Downy Woodpecker/108.jpg,Downy Woodpecker,108.jpg
450,Downy Woodpecker/109.jpg,https://birdbucket23.s3.amazonaws.com/Downy Woodpecker/109.jpg,Downy Woodpecker,109.jpg
451,Downy Woodpecker/110.jpg,https://birdbucket23.s3.amazonaws.com/Downy Woodpecker/110.jpg,Downy Woodpecker,110.jpg
452,Downy Woodpecker/111.jpg,https://birdbucket23.s3.amazonaws.com/Downy Woodpecker/111.jpg,Downy Woodpecker,111.jpg
453,Downy Woodpecker/112.jpg,https://birdbucket23.s3.amazonaws.com/Downy Woodpecker/112.jpg,Downy Woodpecker,112.jpg
454,Downy Woodpecker/113.jpg,https://birdbucket23.s3.amazonaws.com/Downy Woodpecker/113.jpg,Downy Woodpecker,113.jpg
455,Downy Woodpecker/114.jpg,https://birdbucket23.s3.amazonaws.com/Downy Woodpecker/114.jpg,Downy Woodpecker,114.jpg
456,Downy Woodpecker/115.jpg,https://birdbucket23.s3.amazonaws.com/Downy Woodpecker/115.jpg,Downy Woodpecker,115.jpg
457,Downy Woodpecker/116.jpg,https://birdbucket23.s3.amazonaws.com/Downy Woodpecker/116.jpg,Downy Woodpecker,116.jpg
458,Downy Woodpecker/117.jpg,https://birdbucket23.s3.amazonaws.com/Downy Woodpecker/117.jpg,Downy Woodpecker,117.jpg
459,Downy Woodpecker/118.jpg,https://birdbucket23.s3.amazonaws.com/Downy Woodpecker/118.jpg,Downy Woodpecker,118.jpg
460,Downy Woodpecker/119.jpg,https://birdbucket23.s3.amazonaws.com/Downy Woodpecker/119.jpg,Downy Woodpecker,119.jpg
461,Downy Woodpecker/120.jpg,https://birdbucket23.s3.amazonaws.com/Downy Woodpecker/120.jpg,Downy Woodpecker,120.jpg
462,Downy Woodpecker/121.jpg,https://birdbucket23.s3.amazonaws.com/Downy Woodpecker/121.jpg,Downy Woodpecker,121.jpg
463,Downy Woodpecker/122.jpg,https://birdbucket23.s3.amazonaws.com/Downy Woodpecker/122.jpg,Downy Woodpecker,122.jpg
464,Downy Woodpecker/123.jpg,https://birdbucket23.s3.amazonaws.com/Downy Woodpecker/123.jpg,Downy Woodpecker,123.jpg
465,Downy Woodpecker/124.jpg,https://birdbucket23.s3.amazonaws.com/Downy Woodpecker/124.jpg,Downy Woodpecker,124.jpg
466,Downy Woodpecker/125.jpg,https://birdbucket23.s3.amazonaws.com/Downy Woodpecker/125.jpg,Downy Woodpecker,125.jpg
467,Downy Woodpecker/126.jpg,https://birdbucket23.s3.amazonaws.com/Downy Woodpecker/126.jpg,Downy Woodpecker,126.jpg
468,Downy Woodpecker/127.jpg,https://birdbucket23.s3.amazonaws.com/Downy Woodpecker/127.jpg,Downy Woodpecker,127.jpg
469,Downy Woodpecker/128.jpg,https://birdbucket23.s3.amazonaws.com/Downy Woodpecker/128.jpg,Downy Woodpecker,128.jpg
470,Downy Woodpecker/129.jpg,https://birdbucket23.s3.amazonaws.com/Downy Woodpecker/129.jpg,Downy Woodpecker,129.jpg
471,Downy Woodpecker/130.jpg,https://birdbucket23.s3.amazonaws.com/Downy Woodpecker/130.jpg,Downy Woodpecker,130.jpg
472,Downy Woodpecker/131.jpg,https://birdbucket23.s3.amazonaws.com/Downy Woodpecker/131.jpg,Downy Woodpecker,131.jpg
473,Downy Woodpecker/132.jpg,https://birdbucket23.s3.amazonaws.com/Downy Woodpecker/132.jpg,Downy Woodpecker,132.jpg
474,Downy Woodpecker/133.jpg,https://birdbucket23.s3.amazonaws.com/Downy Woodpecker/133.jpg,Downy Woodpecker,133.jpg
475,Downy Woodpecker/134.jpg,https://birdbucket23.s3.amazonaws.com/Downy Woodpecker/134.jpg,Downy Woodpecker,134.jpg
476,Downy Woodpecker/135.jpg,https://birdbucket23.s3.amazonaws.com/Downy Woodpecker/135.jpg,Downy Woodpecker,135.jpg
477,Downy Woodpecker/136.jpg,https://birdbucket23.s3.amazonaws.com/Downy Woodpecker/136.jpg,Downy Woodpecker,136.jpg
478,Downy Woodpecker/137.jpg,https://birdbucket23.s3.amazonaws.com/Downy Woodpecker/137.jpg,Downy Woodpecker,137.jpg
479,House Sparrow/001.jpg,https://birdbucket23.s3.amazonaws.com/House Sparrow/001.jpg,House Sparrow,001.jpg
480,House Sparrow/002.jpg,https://birdbucket23.s3.amazonaws.com/House Sparrow/002.jpg,House Sparrow,002.jpg
481,House Sparrow/003.jpg,https://birdbucket23.s3.amazonaws.com/House Sparrow/003.jpg,House Sparrow,003.jpg
482,House Sparrow/004.jpg,https://birdbucket23.s3.amazonaws.com/House Sparrow/004.jpg,House Sparrow,004.jpg
483,House Sparrow/005.jpg,https://birdbucket23.s3.amazonaws.com/House Sparrow/005.jpg,House Sparrow,005.jpg
484,House Sparrow/006.jpg,https://birdbucket23.s3.amazonaws.com/House Sparrow/006.jpg,House Sparrow,006.jpg
485,House Sparrow/007.jpg,https://birdbucket23.s3.amazonaws.com/House Sparrow/007.jpg,House Sparrow,007.jpg
486,House Sparrow/008.jpg,https://birdbucket23.s3.amazonaws.com/House Sparrow/008.jpg,House Sparrow,008.jpg
487,House Sparrow/009.jpg,https://birdbucket23.s3.amazonaws.com/House Sparrow/009.jpg,House Sparrow,009.jpg
488,House Sparrow/010.jpg,https://birdbucket23.s3.amazonaws.com/House Sparrow/010.jpg,House Sparrow,010.jpg
489,House Sparrow/011.jpg,https://birdbucket23.s3.amazonaws.com/House Sparrow/011.jpg,House Sparrow,011.jpg
490,House Sparrow/012.jpg,https://birdbucket23.s3.amazonaws.com/House Sparrow/012.jpg,House Sparrow,012.jpg
491,House Sparrow/013.jpg,https://birdbucket23.s3.amazonaws.com/House Sparrow/013.jpg,House Sparrow,013.jpg
492,House Sparrow/014.jpg,https://birdbucket23.s3.amazonaws.com/House Sparrow/014.jpg,House Sparrow,014.jpg
493,House Sparrow/015.jpg,https://birdbucket23.s3.amazonaws.com/House Sparrow/015.jpg,House Sparrow,015.jpg
494,House Sparrow/016.jpg,https://birdbucket23.s3.amazonaws.com/House Sparrow/016.jpg,House Sparrow,016.jpg
495,House Sparrow/017.jpg,https://birdbucket23.s3.amazonaws.com/House Sparrow/017.jpg,House Sparrow,017.jpg
496,House Sparrow/018.jpg,https://birdbucket23.s3.amazonaws.com/House Sparrow/018.jpg,House Sparrow,018.jpg
497,House Sparrow/019.jpg,https://birdbucket23.s3.amazonaws.com/House Sparrow/019.jpg,House Sparrow,019.jpg
498,House Sparrow/020.jpg,https://birdbucket23.s3.amazonaws.com/House Sparrow/020.jpg,House Sparrow,020.jpg
499,House Sparrow/021.jpg,https://birdbucket23.s3.amazonaws.com/House Sparrow/021.jpg,House Sparrow,021.jpg
500,House Sparrow/022.jpg,https://birdbucket23.s3.amazonaws.com/House Sparrow/022.jpg,House Sparrow,022.jpg
501,House Sparrow/023.jpg,https://birdbucket23.s3.amazonaws.com/House Sparrow/023.jpg,House Sparrow,023.jpg
502,House Sparrow/024.jpg,https://birdbucket23.s3.amazonaws.com/House Sparrow/024.jpg,House Sparrow,024.jpg
503,House Sparrow/025.jpg,https://birdbucket23.s3.amazonaws.com/House Sparrow/025.jpg,House Sparrow,025.jpg
504,House Sparrow/026.jpg,https://birdbucket23.s3.amazonaws.com/House Sparrow/026.jpg,House Sparrow,026.jpg
505,House Sparrow/027.jpg,https://birdbucket23.s3.amazonaws.com/House Sparrow/027.jpg,House Sparrow,027.jpg
506,House Sparrow/028.jpg,https://birdbucket23.s3.amazonaws.com/House Sparrow/028.jpg,House Sparrow,028.jpg
507,House Sparrow/029.jpg,https://birdbucket23.s3.amazonaws.com/House Sparrow/029.jpg,House Sparrow,029.jpg
508,House Sparrow/030.jpg,https://birdbucket23.s3.amazonaws.com/House Sparrow/030.jpg,House Sparrow,030.jpg
509,House Sparrow/031.jpg,https://birdbucket23.s3.amazonaws.com/House Sparrow/031.jpg,House Sparrow,031.jpg
510,House Sparrow/032.jpg,https://birdbucket23.s3.amazonaws.com/House Sparrow/032.jpg,House Sparrow,032.jpg
511,House Sparrow/033.jpg,https://birdbucket23.s3.amazonaws.com/House Sparrow/033.jpg,House Sparrow,033.jpg
512,House Sparrow/034.jpg,https://birdbucket23.s3.amazonaws.com/House Sparrow/034.jpg,House Sparrow,034.jpg
513,House Sparrow/035.jpg,https://birdbucket23.s3.amazonaws.com/House Sparrow/035.jpg,House Sparrow,035.jpg
514,House Sparrow/036.jpg,https://birdbucket23.s3.amazonaws.com/House Sparrow/036.jpg,House Sparrow,036.jpg
515,House Sparrow/037.jpg,https://birdbucket23.s3.amazonaws.com/House Sparrow/037.jpg,House Sparrow,037.jpg
516,House Sparrow/038.jpg,https://birdbucket23.s3.amazonaws.com/House Sparrow/038.jpg,House Sparrow,038.jpg
517,House Sparrow/039.jpg,https://birdbucket23.s3.amazonaws.com/House Sparrow/039.jpg,House Sparrow,039.jpg
518,House Sparrow/040.jpg,https://birdbucket23.s3.amazonaws.com/House Sparrow/040.jpg,House Sparrow,040.jpg
519,House Sparrow/041.jpg,https://birdbucket23.s3.amazonaws.com/House Sparrow/041.jpg,House Sparrow,041.jpg
520,House Sparrow/042.jpg,https://birdbucket23.s3.amazonaws.com/House Sparrow/042.jpg,House Sparrow,042.jpg
521,House Sparrow/043.jpg,https://birdbucket23.s3.amazonaws.com/House Sparrow/043.jpg,House Sparrow,043.jpg
522,House Sparrow/044.jpg,https://birdbucket23.s3.amazonaws.com/House Sparrow/044.jpg,House Sparrow,044.jpg
523,House Sparrow/045.jpg,https://birdbucket23.s3.amazonaws.com/House Sparrow/045.jpg,House Sparrow,045.jpg
524,House Sparrow/046.jpg,https://birdbucket23.s3.amazonaws.com/House Sparrow/046.jpg,House Sparrow,046.jpg
525,House Sparrow/047.jpg,https://birdbucket23.s3.amazonaws.com/House Sparrow/047.jpg,House Sparrow,047.jpg
526,House Sparrow/048.jpg,https://birdbucket23.s3.amazonaws.com/House Sparrow/048.jpg,House Sparrow,048.jpg
527,House Sparrow/049.jpg,https://birdbucket23.s3.amazonaws.com/House Sparrow/049.jpg,House Sparrow,049.jpg
528,House Sparrow/050.jpg,https://birdbucket23.s3.amazonaws.com/House Sparrow/050.jpg,House Sparrow,050.jpg
529,House Sparrow/051.jpg,https://birdbucket23.s3.amazonaws.com/House Sparrow/051.jpg,House Sparrow,051.jpg
530,House Sparrow/052.jpg,https://birdbucket23.s3.amazonaws.com/House Sparrow/052.jpg,House Sparrow,052.jpg
531,House Sparrow/053.jpg,https://birdbucket23.s3.amazonaws.com/House Sparrow/053.jpg,House Sparrow,053.jpg
532,House Sparrow/054.jpg,https://birdbucket23.s3.amazonaws.com/House Sparrow/054.jpg,House Sparrow,054.jpg
533,House Sparrow/055.jpg,https://birdbucket23.s3.amazonaws.com/House Sparrow/055.jpg,House Sparrow,055.jpg
534,House Sparrow/056.jpg,https://birdbucket23.s3.amazonaws.com/House Sparrow/056.jpg,House Sparrow,056.jpg
535,House Sparrow/057.jpg,https://birdbucket23.s3.amazonaws.com/House Sparrow/057.jpg,House Sparrow,057.jpg
536,House Sparrow/058.jpg,https://birdbucket23.s3.amazonaws.com/House Sparrow/058.jpg,House Sparrow,058.jpg
537,House Sparrow/059.jpg,https://birdbucket23.s3.amazonaws.com/House Sparrow/059.jpg,House Sparrow,059.jpg
538,House Sparrow/060.jpg,https://birdbucket23.s3.amazonaws.com/House Sparrow/060.jpg,House Sparrow,060.jpg
539,House Sparrow/061.jpg,https://birdbucket23.s3.amazonaws.com/House Sparrow/061.jpg,House Sparrow,061.jpg
540,House Sparrow/062.jpg,https://birdbucket23.s3.amazonaws.com/House Sparrow/062.jpg,House Sparrow,062.jpg
541,House Sparrow/063.jpg,https://birdbucket23.s3.amazonaws.com/House Sparrow/063.jpg,House Sparrow,063.jpg
542,House Sparrow/064.jpg,https://birdbucket23.s3.amazonaws.com/House Sparrow/064.jpg,House Sparrow,064.jpg
543,House Sparrow/065.jpg,https://birdbucket23.s3.amazonaws.com/House Sparrow/065.jpg,House Sparrow,065.jpg
544,House Sparrow/066.jpg,https://birdbucket23.s3.amazonaws.com/House Sparrow/066.jpg,House Sparrow,066.jpg
545,House Sparrow/067.jpg,https://birdbucket23.s3.amazonaws.com/House Sparrow/067.jpg,House Sparrow,067.jpg
546,House Sparrow/068.jpg,https://birdbucket23.s3.amazonaws.com/House Sparrow/068.jpg,House Sparrow,068.jpg
547,House Sparrow/069.jpg,https://birdbucket23.s3.amazonaws.com/House Sparrow/069.jpg,House Sparrow,069.jpg
548,House Sparrow/070.jpg,https://birdbucket23.s3.amazonaws.com/House Sparrow/070.jpg,House Sparrow,070.jpg
549,House Sparrow/071.jpg,https://birdbucket23.s3.amazonaws.com/House Sparrow/071.jpg,House Sparrow,071.jpg
550,House Sparrow/072.jpg,https://birdbucket23.s3.amazonaws.com/House Sparrow/072.jpg,House Sparrow,072.jpg
551,House Sparrow/073.jpg,https://birdbucket23.s3.amazonaws.com/House Sparrow/073.jpg,House Sparrow,073.jpg
552,House Sparrow/074.jpg,https://birdbucket23.s3.amazonaws.com/House Sparrow/074.jpg,House Sparrow,074.jpg
553,House Sparrow/075.jpg,https://birdbucket23.s3.amazonaws.com/House Sparrow/075.jpg,House Sparrow,075.jpg
554,House Sparrow/076.jpg,https://birdbucket23.s3.amazonaws.com/House Sparrow/076.jpg,House Sparrow,076.jpg
555,House Sparrow/077.jpg,https://birdbucket23.s3.amazonaws.com/House Sparrow/077.jpg,House Sparrow,077.jpg
556,House Sparrow/078.jpg,https://birdbucket23.s3.amazonaws.com/House Sparrow/078.jpg,House Sparrow,078.jpg
557,House Sparrow/079.jpg,https://birdbucket23.s3.amazonaws.com/House Sparrow/079.jpg,House Sparrow,079.jpg
558,House Sparrow/080.jpg,https://birdbucket23.s3.amazonaws.com/House Sparrow/080.jpg,House Sparrow,080.jpg
559,House Sparrow/081.jpg,https://birdbucket23.s3.amazonaws.com/House Sparrow/081.jpg,House Sparrow,081.jpg
560,House Sparrow/082.jpg,https://birdbucket23.s3.amazonaws.com/House Sparrow/082.jpg,House Sparrow,082.jpg
561,House Sparrow/083.jpg,https://birdbucket23.s3.amazonaws.com/House Sparrow/083.jpg,House Sparrow,083.jpg
562,House Sparrow/084.jpg,https://birdbucket23.s3.amazonaws.com/House Sparrow/084.jpg,House Sparrow,084.jpg
563,House Sparrow/085.jpg,https://birdbucket23.s3.amazonaws.com/House Sparrow/085.jpg,House Sparrow,085.jpg
564,House Sparrow/086.jpg,https://birdbucket23.s3.amazonaws.com/House Sparrow/086.jpg,House Sparrow,086.jpg
